Comment,Designator,Footprint,LCSC,Quantity
~,SW1,SW-TH_K3-1296S-E1,C128955,1
2.2µ,L1,SMNR4020-2.2UH,C135262,1
10µ,"C2,C3",CAPC3216X180N,C13585,2
TB6612FNG,"U3,U4",SOP65P760X160-24N,C141517,2
100k,"R13,R17,R19",RESC2012X65N,C149504,3
100µ,C5,CAPC3216X180N,C15008,1
10n,C9,CAPC1005X55N,C15195,1
0.1µ,"C6,C8",CAP_CL05_SAM,C1525,2
10µ,"C12,C13,C15",CAPC2012X135N,C15850,3
10k,"R12,R20,R4",RESC2012X65N,C17414,3
1k,"R11,R3",RESC2012X65N,C17513,2
22.1k,R18,RESC2012X65N,C17552,1
33k,R14,RESC2012X65N,C17633,1
4.7µ,C4,CAPC2012X140N,C1779,1
1µ,C1,CAPC3216X180N,C1848,1
2N3904,"Q2,Q3",2N3904S-RTK-PS,C18536,2
RT8059GJ5,U6,TSOT-23-5_RIT,C20542,1
AO3400A,Q1,SOT95P280X125-3N,C20917,1
KT-0603R (RED),D2,LED_KT-0603R,C2286,1
KT-0805G (GREEN),D1,LED_KT-0603R,C2297,1
510k,R16,RESC1608X55N,C23192,1
100m,"R1,R10,R15,R2,R5,R6,R7,R8,R9",RESC6332X65N,C2903476,9
TYPEC-304-ACP16,J1,TYPEC-304-ACP16_XNP,C2982555,1
4.7µ,L2,CKCS5020-4.7uHM,C354596,1
22µ,"C11,C14,C7",CAPC2012X140N,C45783,3
1µ,C10,CAP_CL05_SAM,C52923,1
BQ24074RGTR,U2,QFN50P300X300X100-17N,C54313,1
TPS61088RHLR,U5,IC_TPS61088RHLR,C87357,1
INA219AIDCNR,U1,SOT65P280X145-8N,C87469,1
CH224K,IC1,SOP100P600X180-11N,C970725,1
Jumper_2_Bridged,JP1,SolderJumper-2_P1.3mm_Bridged2Bar_Pad1.0x1.5mm,,1
